index,segment,label,distance_2pi_over_a,kx_cart_2pi_over_a,ky_cart_2pi_over_a,kz_cart_2pi_over_a,k1_crystal,k2_crystal,k3_crystal
0,0,Γ,0.0000000000,0.0000000000,0.0000000000,0.0000000000,0.0000000000,0.0000000000,0.0000000000
1,0,,0.0256410256,0.0000000000,0.0256410256,0.0000000000,0.0000000000,0.0128205128,0.0128205128
2,0,,0.0512820513,0.0000000000,0.0512820513,0.0000000000,0.0000000000,0.0256410256,0.0256410256
3,0,,0.0769230769,0.0000000000,0.0769230769,0.0000000000,0.0000000000,0.0384615385,0.0384615385
4,0,,0.1025641026,0.0000000000,0.1025641026,0.0000000000,0.0000000000,0.0512820513,0.0512820513
5,0,,0.1282051282,0.0000000000,0.1282051282,0.0000000000,0.0000000000,0.0641025641,0.0641025641
6,0,,0.1538461538,0.0000000000,0.1538461538,0.0000000000,0.0000000000,0.0769230769,0.0769230769
7,0,,0.1794871795,0.0000000000,0.1794871795,0.0000000000,0.0000000000,0.0897435897,0.0897435897
8,0,,0.2051282051,0.0000000000,0.2051282051,0.0000000000,0.0000000000,0.1025641026,0.1025641026
9,0,,0.2307692308,0.0000000000,0.2307692308,0.0000000000,0.0000000000,0.1153846154,0.1153846154
10,0,,0.2564102564,0.0000000000,0.2564102564,0.0000000000,0.0000000000,0.1282051282,0.1282051282
11,0,,0.2820512821,0.0000000000,0.2820512821,0.0000000000,0.0000000000,0.1410256410,0.1410256410
12,0,,0.3076923077,0.0000000000,0.3076923077,0.0000000000,0.0000000000,0.1538461538,0.1538461538
13,0,,0.3333333333,0.0000000000,0.3333333333,0.0000000000,0.0000000000,0.1666666667,0.1666666667
14,0,,0.3589743590,0.0000000000,0.3589743590,0.0000000000,0.0000000000,0.1794871795,0.1794871795
15,0,,0.3846153846,0.0000000000,0.3846153846,0.0000000000,0.0000000000,0.1923076923,0.1923076923
16,0,,0.4102564103,0.0000000000,0.4102564103,0.0000000000,0.0000000000,0.2051282051,0.2051282051
17,0,,0.4358974359,0.0000000000,0.4358974359,0.0000000000,0.0000000000,0.2179487179,0.2179487179
18,0,,0.4615384615,0.0000000000,0.4615384615,0.0000000000,0.0000000000,0.2307692308,0.2307692308
19,0,,0.4871794872,0.0000000000,0.4871794872,0.0000000000,0.0000000000,0.2435897436,0.2435897436
20,0,,0.5128205128,0.0000000000,0.5128205128,0.0000000000,0.0000000000,0.2564102564,0.2564102564
21,0,,0.5384615385,0.0000000000,0.5384615385,0.0000000000,0.0000000000,0.2692307692,0.2692307692
22,0,,0.5641025641,0.0000000000,0.5641025641,0.0000000000,0.0000000000,0.2820512821,0.2820512821
23,0,,0.5897435897,0.0000000000,0.5897435897,0.0000000000,0.0000000000,0.2948717949,0.2948717949
24,0,,0.6153846154,0.0000000000,0.6153846154,0.0000000000,0.0000000000,0.3076923077,0.3076923077
25,0,,0.6410256410,0.0000000000,0.6410256410,0.0000000000,0.0000000000,0.3205128205,0.3205128205
26,0,,0.6666666667,0.0000000000,0.6666666667,0.0000000000,0.0000000000,0.3333333333,0.3333333333
27,0,,0.6923076923,0.0000000000,0.6923076923,0.0000000000,0.0000000000,0.3461538462,0.3461538462
28,0,,0.7179487179,0.0000000000,0.7179487179,0.0000000000,0.0000000000,0.3589743590,0.3589743590
29,0,,0.7435897436,0.0000000000,0.7435897436,0.0000000000,0.0000000000,0.3717948718,0.3717948718
30,0,,0.7692307692,0.0000000000,0.7692307692,0.0000000000,0.0000000000,0.3846153846,0.3846153846
31,0,,0.7948717949,0.0000000000,0.7948717949,0.0000000000,0.0000000000,0.3974358974,0.3974358974
32,0,,0.8205128205,0.0000000000,0.8205128205,0.0000000000,0.0000000000,0.4102564103,0.4102564103
33,0,,0.8461538462,0.0000000000,0.8461538462,0.0000000000,0.0000000000,0.4230769231,0.4230769231
34,0,,0.8717948718,0.0000000000,0.8717948718,0.0000000000,0.0000000000,0.4358974359,0.4358974359
35,0,,0.8974358974,0.0000000000,0.8974358974,0.0000000000,0.0000000000,0.4487179487,0.4487179487
36,0,,0.9230769231,0.0000000000,0.9230769231,0.0000000000,0.0000000000,0.4615384615,0.4615384615
37,0,,0.9487179487,0.0000000000,0.9487179487,0.0000000000,0.0000000000,0.4743589744,0.4743589744
38,0,,0.9743589744,0.0000000000,0.9743589744,0.0000000000,0.0000000000,0.4871794872,0.4871794872
39,0,X,1.0000000000,0.0000000000,1.0000000000,0.0000000000,0.0000000000,0.5000000000,0.5000000000
40,1,,1.0250000000,0.0250000000,1.0000000000,0.0000000000,-0.0125000000,0.5000000000,0.4875000000
41,1,,1.0500000000,0.0500000000,1.0000000000,0.0000000000,-0.0250000000,0.5000000000,0.4750000000
42,1,,1.0750000000,0.0750000000,1.0000000000,0.0000000000,-0.0375000000,0.5000000000,0.4625000000
43,1,,1.1000000000,0.1000000000,1.0000000000,0.0000000000,-0.0500000000,0.5000000000,0.4500000000
44,1,,1.1250000000,0.1250000000,1.0000000000,0.0000000000,-0.0625000000,0.5000000000,0.4375000000
45,1,,1.1500000000,0.1500000000,1.0000000000,0.0000000000,-0.0750000000,0.5000000000,0.4250000000
46,1,,1.1750000000,0.1750000000,1.0000000000,0.0000000000,-0.0875000000,0.5000000000,0.4125000000
47,1,,1.2000000000,0.2000000000,1.0000000000,0.0000000000,-0.1000000000,0.5000000000,0.4000000000
48,1,,1.2250000000,0.2250000000,1.0000000000,0.0000000000,-0.1125000000,0.5000000000,0.3875000000
49,1,,1.2500000000,0.2500000000,1.0000000000,0.0000000000,-0.1250000000,0.5000000000,0.3750000000
50,1,,1.2750000000,0.2750000000,1.0000000000,0.0000000000,-0.1375000000,0.5000000000,0.3625000000
51,1,,1.3000000000,0.3000000000,1.0000000000,0.0000000000,-0.1500000000,0.5000000000,0.3500000000
52,1,,1.3250000000,0.3250000000,1.0000000000,0.0000000000,-0.1625000000,0.5000000000,0.3375000000
53,1,,1.3500000000,0.3500000000,1.0000000000,0.0000000000,-0.1750000000,0.5000000000,0.3250000000
54,1,,1.3750000000,0.3750000000,1.0000000000,0.0000000000,-0.1875000000,0.5000000000,0.3125000000
55,1,,1.4000000000,0.4000000000,1.0000000000,0.0000000000,-0.2000000000,0.5000000000,0.3000000000
56,1,,1.4250000000,0.4250000000,1.0000000000,0.0000000000,-0.2125000000,0.5000000000,0.2875000000
57,1,,1.4500000000,0.4500000000,1.0000000000,0.0000000000,-0.2250000000,0.5000000000,0.2750000000
58,1,,1.4750000000,0.4750000000,1.0000000000,0.0000000000,-0.2375000000,0.5000000000,0.2625000000
59,1,W,1.5000000000,0.5000000000,1.0000000000,0.0000000000,-0.2500000000,0.5000000000,0.2500000000
60,2,,1.5252538136,0.5178571429,0.9821428571,0.0000000000,-0.2589285714,0.4910714286,0.2321428571
61,2,,1.5505076272,0.5357142857,0.9642857143,0.0000000000,-0.2678571429,0.4821428571,0.2142857143
62,2,,1.5757614408,0.5535714286,0.9464285714,0.0000000000,-0.2767857143,0.4732142857,0.1964285714
63,2,,1.6010152545,0.5714285714,0.9285714286,0.0000000000,-0.2857142857,0.4642857143,0.1785714286
64,2,,1.6262690681,0.5892857143,0.9107142857,0.0000000000,-0.2946428571,0.4553571429,0.1607142857
65,2,,1.6515228817,0.6071428571,0.8928571429,0.0000000000,-0.3035714286,0.4464285714,0.1428571429
66,2,,1.6767766953,0.6250000000,0.8750000000,0.0000000000,-0.3125000000,0.4375000000,0.1250000000
67,2,,1.7020305089,0.6428571429,0.8571428571,0.0000000000,-0.3214285714,0.4285714286,0.1071428571
68,2,,1.7272843225,0.6607142857,0.8392857143,0.0000000000,-0.3303571429,0.4196428571,0.0892857143
69,2,,1.7525381361,0.6785714286,0.8214285714,0.0000000000,-0.3392857143,0.4107142857,0.0714285714
70,2,,1.7777919498,0.6964285714,0.8035714286,0.0000000000,-0.3482142857,0.4017857143,0.0535714286
71,2,,1.8030457634,0.7142857143,0.7857142857,0.0000000000,-0.3571428571,0.3928571429,0.0357142857
72,2,,1.8282995770,0.7321428571,0.7678571429,0.0000000000,-0.3660714286,0.3839285714,0.0178571429
73,2,K,1.8535533906,0.7500000000,0.7500000000,0.0000000000,-0.3750000000,0.3750000000,0.0000000000
74,3,,1.8788072042,0.7321428571,0.7321428571,0.0000000000,-0.3660714286,0.3660714286,0.0000000000
75,3,,1.9040610178,0.7142857143,0.7142857143,0.0000000000,-0.3571428571,0.3571428571,0.0000000000
76,3,,1.9293148314,0.6964285714,0.6964285714,0.0000000000,-0.3482142857,0.3482142857,0.0000000000
77,3,,1.9545686450,0.6785714286,0.6785714286,0.0000000000,-0.3392857143,0.3392857143,0.0000000000
78,3,,1.9798224587,0.6607142857,0.6607142857,0.0000000000,-0.3303571429,0.3303571429,0.0000000000
79,3,,2.0050762723,0.6428571429,0.6428571429,0.0000000000,-0.3214285714,0.3214285714,0.0000000000
80,3,,2.0303300859,0.6250000000,0.6250000000,0.0000000000,-0.3125000000,0.3125000000,0.0000000000
81,3,,2.0555838995,0.6071428571,0.6071428571,0.0000000000,-0.3035714286,0.3035714286,0.0000000000
82,3,,2.0808377131,0.5892857143,0.5892857143,0.0000000000,-0.2946428571,0.2946428571,0.0000000000
83,3,,2.1060915267,0.5714285714,0.5714285714,0.0000000000,-0.2857142857,0.2857142857,0.0000000000
84,3,,2.1313453403,0.5535714286,0.5535714286,0.0000000000,-0.2767857143,0.2767857143,0.0000000000
85,3,,2.1565991540,0.5357142857,0.5357142857,0.0000000000,-0.2678571429,0.2678571429,0.0000000000
86,3,,2.1818529676,0.5178571429,0.5178571429,0.0000000000,-0.2589285714,0.2589285714,0.0000000000
87,3,,2.2071067812,0.5000000000,0.5000000000,0.0000000000,-0.2500000000,0.2500000000,0.0000000000
88,3,,2.2323605948,0.4821428571,0.4821428571,0.0000000000,-0.2410714286,0.2410714286,0.0000000000
89,3,,2.2576144084,0.4642857143,0.4642857143,0.0000000000,-0.2321428571,0.2321428571,0.0000000000
90,3,,2.2828682220,0.4464285714,0.4464285714,0.0000000000,-0.2232142857,0.2232142857,0.0000000000
91,3,,2.3081220356,0.4285714286,0.4285714286,0.0000000000,-0.2142857143,0.2142857143,0.0000000000
92,3,,2.3333758493,0.4107142857,0.4107142857,0.0000000000,-0.2053571429,0.2053571429,0.0000000000
93,3,,2.3586296629,0.3928571429,0.3928571429,0.0000000000,-0.1964285714,0.1964285714,0.0000000000
94,3,,2.3838834765,0.3750000000,0.3750000000,0.0000000000,-0.1875000000,0.1875000000,0.0000000000
95,3,,2.4091372901,0.3571428571,0.3571428571,0.0000000000,-0.1785714286,0.1785714286,0.0000000000
96,3,,2.4343911037,0.3392857143,0.3392857143,0.0000000000,-0.1696428571,0.1696428571,0.0000000000
97,3,,2.4596449173,0.3214285714,0.3214285714,0.0000000000,-0.1607142857,0.1607142857,0.0000000000
98,3,,2.4848987309,0.3035714286,0.3035714286,0.0000000000,-0.1517857143,0.1517857143,0.0000000000
99,3,,2.5101525446,0.2857142857,0.2857142857,0.0000000000,-0.1428571429,0.1428571429,0.0000000000
100,3,,2.5354063582,0.2678571429,0.2678571429,0.0000000000,-0.1339285714,0.1339285714,0.0000000000
101,3,,2.5606601718,0.2500000000,0.2500000000,0.0000000000,-0.1250000000,0.1250000000,0.0000000000
102,3,,2.5859139854,0.2321428571,0.2321428571,0.0000000000,-0.1160714286,0.1160714286,0.0000000000
103,3,,2.6111677990,0.2142857143,0.2142857143,0.0000000000,-0.1071428571,0.1071428571,0.0000000000
104,3,,2.6364216126,0.1964285714,0.1964285714,0.0000000000,-0.0982142857,0.0982142857,0.0000000000
105,3,,2.6616754262,0.1785714286,0.1785714286,0.0000000000,-0.0892857143,0.0892857143,0.0000000000
106,3,,2.6869292398,0.1607142857,0.1607142857,0.0000000000,-0.0803571429,0.0803571429,0.0000000000
107,3,,2.7121830535,0.1428571429,0.1428571429,0.0000000000,-0.0714285714,0.0714285714,0.0000000000
108,3,,2.7374368671,0.1250000000,0.1250000000,0.0000000000,-0.0625000000,0.0625000000,0.0000000000
109,3,,2.7626906807,0.1071428571,0.1071428571,0.0000000000,-0.0535714286,0.0535714286,0.0000000000
110,3,,2.7879444943,0.0892857143,0.0892857143,0.0000000000,-0.0446428571,0.0446428571,0.0000000000
111,3,,2.8131983079,0.0714285714,0.0714285714,0.0000000000,-0.0357142857,0.0357142857,0.0000000000
112,3,,2.8384521215,0.0535714286,0.0535714286,0.0000000000,-0.0267857143,0.0267857143,0.0000000000
113,3,,2.8637059351,0.0357142857,0.0357142857,0.0000000000,-0.0178571429,0.0178571429,0.0000000000
114,3,,2.8889597488,0.0178571429,0.0178571429,0.0000000000,-0.0089285714,0.0089285714,0.0000000000
115,3,Γ,2.9142135624,0.0000000000,0.0000000000,0.0000000000,0.0000000000,0.0000000000,0.0000000000
116,4,,2.9396848978,0.0147058824,0.0147058824,0.0147058824,0.0000000000,0.0147058824,0.0000000000
117,4,,2.9651562332,0.0294117647,0.0294117647,0.0294117647,0.0000000000,0.0294117647,0.0000000000
118,4,,2.9906275686,0.0441176471,0.0441176471,0.0441176471,0.0000000000,0.0441176471,0.0000000000
119,4,,3.0160989040,0.0588235294,0.0588235294,0.0588235294,0.0000000000,0.0588235294,0.0000000000
120,4,,3.0415702394,0.0735294118,0.0735294118,0.0735294118,0.0000000000,0.0735294118,0.0000000000
121,4,,3.0670415748,0.0882352941,0.0882352941,0.0882352941,0.0000000000,0.0882352941,0.0000000000
122,4,,3.0925129102,0.1029411765,0.1029411765,0.1029411765,0.0000000000,0.1029411765,0.0000000000
123,4,,3.1179842456,0.1176470588,0.1176470588,0.1176470588,0.0000000000,0.1176470588,0.0000000000
124,4,,3.1434555810,0.1323529412,0.1323529412,0.1323529412,0.0000000000,0.1323529412,0.0000000000
125,4,,3.1689269164,0.1470588235,0.1470588235,0.1470588235,0.0000000000,0.1470588235,0.0000000000
126,4,,3.1943982518,0.1617647059,0.1617647059,0.1617647059,0.0000000000,0.1617647059,0.0000000000
127,4,,3.2198695872,0.1764705882,0.1764705882,0.1764705882,0.0000000000,0.1764705882,0.0000000000
128,4,,3.2453409226,0.1911764706,0.1911764706,0.1911764706,0.0000000000,0.1911764706,0.0000000000
129,4,,3.2708122580,0.2058823529,0.2058823529,0.2058823529,0.0000000000,0.2058823529,0.0000000000
130,4,,3.2962835935,0.2205882353,0.2205882353,0.2205882353,0.0000000000,0.2205882353,0.0000000000
131,4,,3.3217549289,0.2352941176,0.2352941176,0.2352941176,0.0000000000,0.2352941176,0.0000000000
132,4,,3.3472262643,0.2500000000,0.2500000000,0.2500000000,0.0000000000,0.2500000000,0.0000000000
133,4,,3.3726975997,0.2647058824,0.2647058824,0.2647058824,0.0000000000,0.2647058824,0.0000000000
134,4,,3.3981689351,0.2794117647,0.2794117647,0.2794117647,0.0000000000,0.2794117647,0.0000000000
135,4,,3.4236402705,0.2941176471,0.2941176471,0.2941176471,0.0000000000,0.2941176471,0.0000000000
136,4,,3.4491116059,0.3088235294,0.3088235294,0.3088235294,0.0000000000,0.3088235294,0.0000000000
137,4,,3.4745829413,0.3235294118,0.3235294118,0.3235294118,0.0000000000,0.3235294118,0.0000000000
138,4,,3.5000542767,0.3382352941,0.3382352941,0.3382352941,0.0000000000,0.3382352941,0.0000000000
139,4,,3.5255256121,0.3529411765,0.3529411765,0.3529411765,0.0000000000,0.3529411765,0.0000000000
140,4,,3.5509969475,0.3676470588,0.3676470588,0.3676470588,0.0000000000,0.3676470588,0.0000000000
141,4,,3.5764682829,0.3823529412,0.3823529412,0.3823529412,0.0000000000,0.3823529412,0.0000000000
142,4,,3.6019396183,0.3970588235,0.3970588235,0.3970588235,0.0000000000,0.3970588235,0.0000000000
143,4,,3.6274109537,0.4117647059,0.4117647059,0.4117647059,0.0000000000,0.4117647059,0.0000000000
144,4,,3.6528822891,0.4264705882,0.4264705882,0.4264705882,0.0000000000,0.4264705882,0.0000000000
145,4,,3.6783536245,0.4411764706,0.4411764706,0.4411764706,0.0000000000,0.4411764706,0.0000000000
146,4,,3.7038249599,0.4558823529,0.4558823529,0.4558823529,0.0000000000,0.4558823529,0.0000000000
147,4,,3.7292962953,0.4705882353,0.4705882353,0.4705882353,0.0000000000,0.4705882353,0.0000000000
148,4,,3.7547676308,0.4852941176,0.4852941176,0.4852941176,0.0000000000,0.4852941176,0.0000000000
149,4,L,3.7802389662,0.5000000000,0.5000000000,0.5000000000,0.0000000000,0.5000000000,0.0000000000
150,5,,3.8057544843,0.4895833333,0.5208333333,0.4895833333,0.0000000000,0.5052083333,0.0156250000
151,5,,3.8312700025,0.4791666667,0.5416666667,0.4791666667,0.0000000000,0.5104166667,0.0312500000
152,5,,3.8567855206,0.4687500000,0.5625000000,0.4687500000,0.0000000000,0.5156250000,0.0468750000
153,5,,3.8823010388,0.4583333333,0.5833333333,0.4583333333,0.0000000000,0.5208333333,0.0625000000
154,5,,3.9078165569,0.4479166667,0.6041666667,0.4479166667,0.0000000000,0.5260416667,0.0781250000
155,5,,3.9333320751,0.4375000000,0.6250000000,0.4375000000,0.0000000000,0.5312500000,0.0937500000
156,5,,3.9588475932,0.4270833333,0.6458333333,0.4270833333,0.0000000000,0.5364583333,0.1093750000
157,5,,3.9843631114,0.4166666667,0.6666666667,0.4166666667,0.0000000000,0.5416666667,0.1250000000
158,5,,4.0098786295,0.4062500000,0.6875000000,0.4062500000,0.0000000000,0.5468750000,0.1406250000
159,5,,4.0353941477,0.3958333333,0.7083333333,0.3958333333,0.0000000000,0.5520833333,0.1562500000
160,5,,4.0609096659,0.3854166667,0.7291666667,0.3854166667,0.0000000000,0.5572916667,0.1718750000
161,5,,4.0864251840,0.3750000000,0.7500000000,0.3750000000,0.0000000000,0.5625000000,0.1875000000
162,5,,4.1119407022,0.3645833333,0.7708333333,0.3645833333,0.0000000000,0.5677083333,0.2031250000
163,5,,4.1374562203,0.3541666667,0.7916666667,0.3541666667,0.0000000000,0.5729166667,0.2187500000
164,5,,4.1629717385,0.3437500000,0.8125000000,0.3437500000,0.0000000000,0.5781250000,0.2343750000
165,5,,4.1884872566,0.3333333333,0.8333333333,0.3333333333,0.0000000000,0.5833333333,0.2500000000
166,5,,4.2140027748,0.3229166667,0.8541666667,0.3229166667,0.0000000000,0.5885416667,0.2656250000
167,5,,4.2395182929,0.3125000000,0.8750000000,0.3125000000,0.0000000000,0.5937500000,0.2812500000
168,5,,4.2650338111,0.3020833333,0.8958333333,0.3020833333,0.0000000000,0.5989583333,0.2968750000
169,5,,4.2905493292,0.2916666667,0.9166666667,0.2916666667,0.0000000000,0.6041666667,0.3125000000
170,5,,4.3160648474,0.2812500000,0.9375000000,0.2812500000,0.0000000000,0.6093750000,0.3281250000
171,5,,4.3415803655,0.2708333333,0.9583333333,0.2708333333,0.0000000000,0.6145833333,0.3437500000
172,5,,4.3670958837,0.2604166667,0.9791666667,0.2604166667,0.0000000000,0.6197916667,0.3593750000
173,5,U,4.3926114019,0.2500000000,1.0000000000,0.2500000000,0.0000000000,0.6250000000,0.3750000000
174,6,,4.4178652155,0.2678571429,1.0000000000,0.2321428571,-0.0178571429,0.6160714286,0.3660714286
175,6,,4.4431190291,0.2857142857,1.0000000000,0.2142857143,-0.0357142857,0.6071428571,0.3571428571
176,6,,4.4683728427,0.3035714286,1.0000000000,0.1964285714,-0.0535714286,0.5982142857,0.3482142857
177,6,,4.4936266563,0.3214285714,1.0000000000,0.1785714286,-0.0714285714,0.5892857143,0.3392857143
178,6,,4.5188804699,0.3392857143,1.0000000000,0.1607142857,-0.0892857143,0.5803571429,0.3303571429
179,6,,4.5441342835,0.3571428571,1.0000000000,0.1428571429,-0.1071428571,0.5714285714,0.3214285714
180,6,,4.5693880971,0.3750000000,1.0000000000,0.1250000000,-0.1250000000,0.5625000000,0.3125000000
181,6,,4.5946419108,0.3928571429,1.0000000000,0.1071428571,-0.1428571429,0.5535714286,0.3035714286
182,6,,4.6198957244,0.4107142857,1.0000000000,0.0892857143,-0.1607142857,0.5446428571,0.2946428571
183,6,,4.6451495380,0.4285714286,1.0000000000,0.0714285714,-0.1785714286,0.5357142857,0.2857142857
184,6,,4.6704033516,0.4464285714,1.0000000000,0.0535714286,-0.1964285714,0.5267857143,0.2767857143
185,6,,4.6956571652,0.4642857143,1.0000000000,0.0357142857,-0.2142857143,0.5178571429,0.2678571429
186,6,,4.7209109788,0.4821428571,1.0000000000,0.0178571429,-0.2321428571,0.5089285714,0.2589285714
187,6,W,4.7461647924,0.5000000000,1.0000000000,0.0000000000,-0.2500000000,0.5000000000,0.2500000000
188,7,,4.7714186061,0.5000000000,0.9821428571,0.0178571429,-0.2410714286,0.5000000000,0.2410714286
189,7,,4.7966724197,0.5000000000,0.9642857143,0.0357142857,-0.2321428571,0.5000000000,0.2321428571
190,7,,4.8219262333,0.5000000000,0.9464285714,0.0535714286,-0.2232142857,0.5000000000,0.2232142857
191,7,,4.8471800469,0.5000000000,0.9285714286,0.0714285714,-0.2142857143,0.5000000000,0.2142857143
192,7,,4.8724338605,0.5000000000,0.9107142857,0.0892857143,-0.2053571429,0.5000000000,0.2053571429
193,7,,4.8976876741,0.5000000000,0.8928571429,0.1071428571,-0.1964285714,0.5000000000,0.1964285714
194,7,,4.9229414877,0.5000000000,0.8750000000,0.1250000000,-0.1875000000,0.5000000000,0.1875000000
195,7,,4.9481953014,0.5000000000,0.8571428571,0.1428571429,-0.1785714286,0.5000000000,0.1785714286
196,7,,4.9734491150,0.5000000000,0.8392857143,0.1607142857,-0.1696428571,0.5000000000,0.1696428571
197,7,,4.9987029286,0.5000000000,0.8214285714,0.1785714286,-0.1607142857,0.5000000000,0.1607142857
198,7,,5.0239567422,0.5000000000,0.8035714286,0.1964285714,-0.1517857143,0.5000000000,0.1517857143
199,7,,5.0492105558,0.5000000000,0.7857142857,0.2142857143,-0.1428571429,0.5000000000,0.1428571429
200,7,,5.0744643694,0.5000000000,0.7678571429,0.2321428571,-0.1339285714,0.5000000000,0.1339285714
201,7,,5.0997181830,0.5000000000,0.7500000000,0.2500000000,-0.1250000000,0.5000000000,0.1250000000
202,7,,5.1249719967,0.5000000000,0.7321428571,0.2678571429,-0.1160714286,0.5000000000,0.1160714286
203,7,,5.1502258103,0.5000000000,0.7142857143,0.2857142857,-0.1071428571,0.5000000000,0.1071428571
204,7,,5.1754796239,0.5000000000,0.6964285714,0.3035714286,-0.0982142857,0.5000000000,0.0982142857
205,7,,5.2007334375,0.5000000000,0.6785714286,0.3214285714,-0.0892857143,0.5000000000,0.0892857143
206,7,,5.2259872511,0.5000000000,0.6607142857,0.3392857143,-0.0803571429,0.5000000000,0.0803571429
207,7,,5.2512410647,0.5000000000,0.6428571429,0.3571428571,-0.0714285714,0.5000000000,0.0714285714
208,7,,5.2764948783,0.5000000000,0.6250000000,0.3750000000,-0.0625000000,0.5000000000,0.0625000000
209,7,,5.3017486920,0.5000000000,0.6071428571,0.3928571429,-0.0535714286,0.5000000000,0.0535714286
210,7,,5.3270025056,0.5000000000,0.5892857143,0.4107142857,-0.0446428571,0.5000000000,0.0446428571
211,7,,5.3522563192,0.5000000000,0.5714285714,0.4285714286,-0.0357142857,0.5000000000,0.0357142857
212,7,,5.3775101328,0.5000000000,0.5535714286,0.4464285714,-0.0267857143,0.5000000000,0.0267857143
213,7,,5.4027639464,0.5000000000,0.5357142857,0.4642857143,-0.0178571429,0.5000000000,0.0178571429
214,7,,5.4280177600,0.5000000000,0.5178571429,0.4821428571,-0.0089285714,0.5000000000,0.0089285714
215,7,L,5.4532715736,0.5000000000,0.5000000000,0.5000000000,0.0000000000,0.5000000000,0.0000000000
216,8,,5.4787870918,0.5104166667,0.5104166667,0.4791666667,-0.0156250000,0.4947916667,0.0000000000
217,8,,5.5043026099,0.5208333333,0.5208333333,0.4583333333,-0.0312500000,0.4895833333,0.0000000000
218,8,,5.5298181281,0.5312500000,0.5312500000,0.4375000000,-0.0468750000,0.4843750000,0.0000000000
219,8,,5.5553336462,0.5416666667,0.5416666667,0.4166666667,-0.0625000000,0.4791666667,0.0000000000
220,8,,5.5808491644,0.5520833333,0.5520833333,0.3958333333,-0.0781250000,0.4739583333,0.0000000000
221,8,,5.6063646826,0.5625000000,0.5625000000,0.3750000000,-0.0937500000,0.4687500000,0.0000000000
222,8,,5.6318802007,0.5729166667,0.5729166667,0.3541666667,-0.1093750000,0.4635416667,0.0000000000
223,8,,5.6573957189,0.5833333333,0.5833333333,0.3333333333,-0.1250000000,0.4583333333,0.0000000000
224,8,,5.6829112370,0.5937500000,0.5937500000,0.3125000000,-0.1406250000,0.4531250000,0.0000000000
225,8,,5.7084267552,0.6041666667,0.6041666667,0.2916666667,-0.1562500000,0.4479166667,0.0000000000
226,8,,5.7339422733,0.6145833333,0.6145833333,0.2708333333,-0.1718750000,0.4427083333,0.0000000000
227,8,,5.7594577915,0.6250000000,0.6250000000,0.2500000000,-0.1875000000,0.4375000000,0.0000000000
228,8,,5.7849733096,0.6354166667,0.6354166667,0.2291666667,-0.2031250000,0.4322916667,0.0000000000
229,8,,5.8104888278,0.6458333333,0.6458333333,0.2083333333,-0.2187500000,0.4270833333,0.0000000000
230,8,,5.8360043459,0.6562500000,0.6562500000,0.1875000000,-0.2343750000,0.4218750000,0.0000000000
231,8,,5.8615198641,0.6666666667,0.6666666667,0.1666666667,-0.2500000000,0.4166666667,0.0000000000
232,8,,5.8870353823,0.6770833333,0.6770833333,0.1458333333,-0.2656250000,0.4114583333,0.0000000000
233,8,,5.9125509004,0.6875000000,0.6875000000,0.1250000000,-0.2812500000,0.4062500000,0.0000000000
234,8,,5.9380664186,0.6979166667,0.6979166667,0.1041666667,-0.2968750000,0.4010416667,0.0000000000
235,8,,5.9635819367,0.7083333333,0.7083333333,0.0833333333,-0.3125000000,0.3958333333,0.0000000000
236,8,,5.9890974549,0.7187500000,0.7187500000,0.0625000000,-0.3281250000,0.3906250000,0.0000000000
237,8,,6.0146129730,0.7291666667,0.7291666667,0.0416666667,-0.3437500000,0.3854166667,0.0000000000
238,8,,6.0401284912,0.7395833333,0.7395833333,0.0208333333,-0.3593750000,0.3802083333,0.0000000000
239,8,K,6.0656440093,0.7500000000,0.7500000000,0.0000000000,-0.3750000000,0.3750000000,0.0000000000
