study,ecutwfc_ry,ecutrho_ry,ecutrho_ratio,kmesh,degauss_ry,status,energy_ry,input_path,output_path,note
smearing,35.0,280.0,8.0,4,0.05,success,-12.40831748,/Users/zhy/Aluminum-from-First-Principles/convergence-runs/smearing/ecut-035.0-ry_k-04x04x04_degauss-0.050-ry/Al.scf.inp,/Users/zhy/Aluminum-from-First-Principles/convergence-runs/smearing/ecut-035.0-ry_k-04x04x04_degauss-0.050-ry/Al.scf.out,
smearing,35.0,280.0,8.0,6,0.05,success,-12.4226577,/Users/zhy/Aluminum-from-First-Principles/convergence-runs/smearing/ecut-035.0-ry_k-06x06x06_degauss-0.050-ry/Al.scf.inp,/Users/zhy/Aluminum-from-First-Principles/convergence-runs/smearing/ecut-035.0-ry_k-06x06x06_degauss-0.050-ry/Al.scf.out,
smearing,35.0,280.0,8.0,8,0.05,success,-12.41840129,/Users/zhy/Aluminum-from-First-Principles/convergence-runs/smearing/ecut-035.0-ry_k-08x08x08_degauss-0.050-ry/Al.scf.inp,/Users/zhy/Aluminum-from-First-Principles/convergence-runs/smearing/ecut-035.0-ry_k-08x08x08_degauss-0.050-ry/Al.scf.out,
smearing,35.0,280.0,8.0,10,0.05,success,-12.41974162,/Users/zhy/Aluminum-from-First-Principles/convergence-runs/smearing/ecut-035.0-ry_k-10x10x10_degauss-0.050-ry/Al.scf.inp,/Users/zhy/Aluminum-from-First-Principles/convergence-runs/smearing/ecut-035.0-ry_k-10x10x10_degauss-0.050-ry/Al.scf.out,
smearing,35.0,280.0,8.0,12,0.05,success,-12.41948491,/Users/zhy/Aluminum-from-First-Principles/convergence-runs/smearing/ecut-035.0-ry_k-12x12x12_degauss-0.050-ry/Al.scf.inp,/Users/zhy/Aluminum-from-First-Principles/convergence-runs/smearing/ecut-035.0-ry_k-12x12x12_degauss-0.050-ry/Al.scf.out,
smearing,35.0,280.0,8.0,16,0.05,success,-12.4194616,/Users/zhy/Aluminum-from-First-Principles/convergence-runs/smearing/ecut-035.0-ry_k-16x16x16_degauss-0.050-ry/Al.scf.inp,/Users/zhy/Aluminum-from-First-Principles/convergence-runs/smearing/ecut-035.0-ry_k-16x16x16_degauss-0.050-ry/Al.scf.out,
smearing,35.0,280.0,8.0,4,0.02,success,-12.40611826,/Users/zhy/Aluminum-from-First-Principles/convergence-runs/smearing/ecut-035.0-ry_k-04x04x04_degauss-0.020-ry/Al.scf.inp,/Users/zhy/Aluminum-from-First-Principles/convergence-runs/smearing/ecut-035.0-ry_k-04x04x04_degauss-0.020-ry/Al.scf.out,
smearing,35.0,280.0,8.0,6,0.02,success,-12.42269714,/Users/zhy/Aluminum-from-First-Principles/convergence-runs/smearing/ecut-035.0-ry_k-06x06x06_degauss-0.020-ry/Al.scf.inp,/Users/zhy/Aluminum-from-First-Principles/convergence-runs/smearing/ecut-035.0-ry_k-06x06x06_degauss-0.020-ry/Al.scf.out,
smearing,35.0,280.0,8.0,8,0.02,success,-12.4179573,/Users/zhy/Aluminum-from-First-Principles/convergence-runs/smearing/ecut-035.0-ry_k-08x08x08_degauss-0.020-ry/Al.scf.inp,/Users/zhy/Aluminum-from-First-Principles/convergence-runs/smearing/ecut-035.0-ry_k-08x08x08_degauss-0.020-ry/Al.scf.out,
smearing,35.0,280.0,8.0,10,0.02,success,-12.42037493,/Users/zhy/Aluminum-from-First-Principles/convergence-runs/smearing/ecut-035.0-ry_k-10x10x10_degauss-0.020-ry/Al.scf.inp,/Users/zhy/Aluminum-from-First-Principles/convergence-runs/smearing/ecut-035.0-ry_k-10x10x10_degauss-0.020-ry/Al.scf.out,
smearing,35.0,280.0,8.0,12,0.02,success,-12.41955768,/Users/zhy/Aluminum-from-First-Principles/convergence-runs/smearing/ecut-035.0-ry_k-12x12x12_degauss-0.020-ry/Al.scf.inp,/Users/zhy/Aluminum-from-First-Principles/convergence-runs/smearing/ecut-035.0-ry_k-12x12x12_degauss-0.020-ry/Al.scf.out,
smearing,35.0,280.0,8.0,16,0.02,success,-12.41943174,/Users/zhy/Aluminum-from-First-Principles/convergence-runs/smearing/ecut-035.0-ry_k-16x16x16_degauss-0.020-ry/Al.scf.inp,/Users/zhy/Aluminum-from-First-Principles/convergence-runs/smearing/ecut-035.0-ry_k-16x16x16_degauss-0.020-ry/Al.scf.out,
smearing,35.0,280.0,8.0,4,0.01,success,-12.40634749,/Users/zhy/Aluminum-from-First-Principles/convergence-runs/smearing/ecut-035.0-ry_k-04x04x04_degauss-0.010-ry/Al.scf.inp,/Users/zhy/Aluminum-from-First-Principles/convergence-runs/smearing/ecut-035.0-ry_k-04x04x04_degauss-0.010-ry/Al.scf.out,
smearing,35.0,280.0,8.0,6,0.01,success,-12.4227109,/Users/zhy/Aluminum-from-First-Principles/convergence-runs/smearing/ecut-035.0-ry_k-06x06x06_degauss-0.010-ry/Al.scf.inp,/Users/zhy/Aluminum-from-First-Principles/convergence-runs/smearing/ecut-035.0-ry_k-06x06x06_degauss-0.010-ry/Al.scf.out,
smearing,35.0,280.0,8.0,8,0.01,success,-12.41794115,/Users/zhy/Aluminum-from-First-Principles/convergence-runs/smearing/ecut-035.0-ry_k-08x08x08_degauss-0.010-ry/Al.scf.inp,/Users/zhy/Aluminum-from-First-Principles/convergence-runs/smearing/ecut-035.0-ry_k-08x08x08_degauss-0.010-ry/Al.scf.out,
smearing,35.0,280.0,8.0,10,0.01,success,-12.42042883,/Users/zhy/Aluminum-from-First-Principles/convergence-runs/smearing/ecut-035.0-ry_k-10x10x10_degauss-0.010-ry/Al.scf.inp,/Users/zhy/Aluminum-from-First-Principles/convergence-runs/smearing/ecut-035.0-ry_k-10x10x10_degauss-0.010-ry/Al.scf.out,
smearing,35.0,280.0,8.0,12,0.01,success,-12.41943668,/Users/zhy/Aluminum-from-First-Principles/convergence-runs/smearing/ecut-035.0-ry_k-12x12x12_degauss-0.010-ry/Al.scf.inp,/Users/zhy/Aluminum-from-First-Principles/convergence-runs/smearing/ecut-035.0-ry_k-12x12x12_degauss-0.010-ry/Al.scf.out,
smearing,35.0,280.0,8.0,16,0.01,success,-12.41938791,/Users/zhy/Aluminum-from-First-Principles/convergence-runs/smearing/ecut-035.0-ry_k-16x16x16_degauss-0.010-ry/Al.scf.inp,/Users/zhy/Aluminum-from-First-Principles/convergence-runs/smearing/ecut-035.0-ry_k-16x16x16_degauss-0.010-ry/Al.scf.out,
