scale,volume_bohr3,volume_ang3,alat_bohr,alat_ang,ecutwfc_ry,ecutrho_ry,kmesh,degauss_ry,status,energy_ry,pressure_kbar,pressure_gpa,input_path,output_path,note
0.92,95.9882092,14.2239850850316,7.268184785457672,3.84615775309611,40.0,160.0,20,0.01,success,-4.18823785,83.84,8.384,/Users/zhy/Aluminum-from-First-Principles/lda-eos-runs/scale-0.9200_volume-0095.9882-bohr3/Al.scf.inp,/Users/zhy/Aluminum-from-First-Principles/lda-eos-runs/scale-0.9200_volume-0095.9882-bohr3/Al.scf.out,
0.928421052631579,96.86681981052632,14.354181744848825,7.290293468503893,3.8578571643272475,40.0,160.0,20,0.01,success,-4.18871049,73.12,7.312000000000001,/Users/zhy/Aluminum-from-First-Principles/lda-eos-runs/scale-0.9284_volume-0096.8668-bohr3/Al.scf.inp,/Users/zhy/Aluminum-from-First-Principles/lda-eos-runs/scale-0.9284_volume-0096.8668-bohr3/Al.scf.out,
0.9368421052631579,97.74543042105263,14.484378404666046,7.312268864322534,3.8694860429950455,40.0,160.0,20,0.01,success,-4.18912,62.89,6.289000000000001,/Users/zhy/Aluminum-from-First-Principles/lda-eos-runs/scale-0.9368_volume-0097.7454-bohr3/Al.scf.inp,/Users/zhy/Aluminum-from-First-Principles/lda-eos-runs/scale-0.9368_volume-0097.7454-bohr3/Al.scf.out,
0.9452631578947369,98.62404103157895,14.61457506448327,7.334112963808646,3.881045442635794,40.0,160.0,20,0.01,success,-4.18946998,53.14,5.314,/Users/zhy/Aluminum-from-First-Principles/lda-eos-runs/scale-0.9453_volume-0098.6240-bohr3/Al.scf.inp,/Users/zhy/Aluminum-from-First-Principles/lda-eos-runs/scale-0.9453_volume-0098.6240-bohr3/Al.scf.out,
0.9536842105263158,99.50265164210526,14.744771724300492,7.355827710699089,3.892536391830743,40.0,160.0,20,0.01,success,-4.18976303,43.84,4.384,/Users/zhy/Aluminum-from-First-Principles/lda-eos-runs/scale-0.9537_volume-0099.5027-bohr3/Al.scf.inp,/Users/zhy/Aluminum-from-First-Principles/lda-eos-runs/scale-0.9537_volume-0099.5027-bohr3/Al.scf.out,
0.9621052631578948,100.38126225263159,14.874968384117716,7.377415003094942,3.9039598950117282,40.0,160.0,20,0.01,success,-4.19000181,34.98,3.4979999999999998,/Users/zhy/Aluminum-from-First-Principles/lda-eos-runs/scale-0.9621_volume-0100.3813-bohr3/Al.scf.inp,/Users/zhy/Aluminum-from-First-Principles/lda-eos-runs/scale-0.9621_volume-0100.3813-bohr3/Al.scf.out,
0.9705263157894737,101.2598728631579,15.005165043934937,7.398876694921911,3.915316933233983,40.0,160.0,20,0.01,success,-4.1901889,26.54,2.654,/Users/zhy/Aluminum-from-First-Principles/lda-eos-runs/scale-0.9705_volume-0101.2599-bohr3/Al.scf.inp,/Users/zhy/Aluminum-from-First-Principles/lda-eos-runs/scale-0.9705_volume-0101.2599-bohr3/Al.scf.out,
0.9789473684210527,102.13848347368422,15.135361703752162,7.420214597331761,3.926608464917748,40.0,160.0,20,0.01,success,-4.19032679,18.5,1.85,/Users/zhy/Aluminum-from-First-Principles/lda-eos-runs/scale-0.9789_volume-0102.1385-bohr3/Al.scf.inp,/Users/zhy/Aluminum-from-First-Principles/lda-eos-runs/scale-0.9789_volume-0102.1385-bohr3/Al.scf.out,
0.9873684210526317,103.01709408421053,15.265558363569383,7.441430480047655,3.9378354265601905,40.0,160.0,20,0.01,success,-4.19041775,10.84,1.084,/Users/zhy/Aluminum-from-First-Principles/lda-eos-runs/scale-0.9874_volume-0103.0171-bohr3/Al.scf.inp,/Users/zhy/Aluminum-from-First-Principles/lda-eos-runs/scale-0.9874_volume-0103.0171-bohr3/Al.scf.out,
0.9957894736842106,103.89570469473684,15.395755023386606,7.4625260726560985,3.948998733419072,40.0,160.0,20,0.01,success,-4.19046388,3.54,0.35400000000000004,/Users/zhy/Aluminum-from-First-Principles/lda-eos-runs/scale-0.9958_volume-0103.8957-bohr3/Al.scf.inp,/Users/zhy/Aluminum-from-First-Principles/lda-eos-runs/scale-0.9958_volume-0103.8957-bohr3/Al.scf.out,
1.0042105263157894,104.77431530526316,15.52595168320383,7.483503065848027,3.9600992801695085,40.0,160.0,20,0.01,success,-4.19046751,-3.42,-0.342,/Users/zhy/Aluminum-from-First-Principles/lda-eos-runs/scale-1.0042_volume-0104.7743-bohr3/Al.scf.inp,/Users/zhy/Aluminum-from-First-Principles/lda-eos-runs/scale-1.0042_volume-0104.7743-bohr3/Al.scf.out,
1.0126315789473685,105.65292591578948,15.656148343021053,7.504363112611472,3.971137941535094,40.0,160.0,20,0.01,success,-4.19043041,-10.05,-1.0050000000000001,/Users/zhy/Aluminum-from-First-Principles/lda-eos-runs/scale-1.0126_volume-0105.6529-bohr3/Al.scf.inp,/Users/zhy/Aluminum-from-First-Principles/lda-eos-runs/scale-1.0126_volume-0105.6529-bohr3/Al.scf.out,
1.0210526315789474,106.53153652631579,15.786345002838276,7.5251078293780616,3.9821155728946107,40.0,160.0,20,0.01,success,-4.19035477,-16.38,-1.638,/Users/zhy/Aluminum-from-First-Principles/lda-eos-runs/scale-1.0211_volume-0106.5315-bohr3/Al.scf.inp,/Users/zhy/Aluminum-from-First-Principles/lda-eos-runs/scale-1.0211_volume-0106.5315-bohr3/Al.scf.out,
1.0294736842105263,107.4101471368421,15.916541662655497,7.545738797125515,3.993033010865438,40.0,160.0,20,0.01,success,-4.19024222,-22.41,-2.241,/Users/zhy/Aluminum-from-First-Principles/lda-eos-runs/scale-1.0295_volume-0107.4101-bohr3/Al.scf.inp,/Users/zhy/Aluminum-from-First-Principles/lda-eos-runs/scale-1.0295_volume-0107.4101-bohr3/Al.scf.out,
1.0378947368421052,108.28875774736841,16.04673832247272,7.566257562438162,4.003891073864757,40.0,160.0,20,0.01,success,-4.19009411,-28.17,-2.817,/Users/zhy/Aluminum-from-First-Principles/lda-eos-runs/scale-1.0379_volume-0108.2888-bohr3/Al.scf.inp,/Users/zhy/Aluminum-from-First-Principles/lda-eos-runs/scale-1.0379_volume-0108.2888-bohr3/Al.scf.out,
1.0463157894736843,109.16736835789474,16.176934982289946,7.586665638527421,4.014690562649568,40.0,160.0,20,0.01,success,-4.18991258,-33.65,-3.365,/Users/zhy/Aluminum-from-First-Principles/lda-eos-runs/scale-1.0463_volume-0109.1674-bohr3/Al.scf.inp,/Users/zhy/Aluminum-from-First-Principles/lda-eos-runs/scale-1.0463_volume-0109.1674-bohr3/Al.scf.out,
1.0547368421052632,110.04597896842105,16.307131642107166,7.606964506214036,4.025432260836459,40.0,160.0,20,0.01,success,-4.1896993,-38.88,-3.8880000000000003,/Users/zhy/Aluminum-from-First-Principles/lda-eos-runs/scale-1.0547_volume-0110.0460-bohr3/Al.scf.inp,/Users/zhy/Aluminum-from-First-Principles/lda-eos-runs/scale-1.0547_volume-0110.0460-bohr3/Al.scf.out,
1.063157894736842,110.92458957894736,16.43732830192439,7.627155614873829,4.036116935402089,40.0,160.0,20,0.01,success,-4.18945521,-43.88,-4.388000000000001,/Users/zhy/Aluminum-from-First-Principles/lda-eos-runs/scale-1.0632_volume-0110.9246-bohr3/Al.scf.inp,/Users/zhy/Aluminum-from-First-Principles/lda-eos-runs/scale-1.0632_volume-0110.9246-bohr3/Al.scf.out,
1.0715789473684212,111.8032001894737,16.567524961741615,7.647240383348577,4.046745337165188,40.0,160.0,20,0.01,success,-4.18918208,-48.64,-4.864000000000001,/Users/zhy/Aluminum-from-First-Principles/lda-eos-runs/scale-1.0716_volume-0111.8032-bohr3/Al.scf.inp,/Users/zhy/Aluminum-from-First-Principles/lda-eos-runs/scale-1.0716_volume-0111.8032-bohr3/Al.scf.out,
1.08,112.68181080000001,16.697721621558838,7.667220200823562,4.057318201250951,40.0,160.0,20,0.01,success,-4.18888094,-53.18,-5.3180000000000005,/Users/zhy/Aluminum-from-First-Principles/lda-eos-runs/scale-1.0800_volume-0112.6818-bohr3/Al.scf.inp,/Users/zhy/Aluminum-from-First-Principles/lda-eos-runs/scale-1.0800_volume-0112.6818-bohr3/Al.scf.out,
